{"train/grad_norm":0.8728887438774109,"_timestamp":1.7343465309847898e+09,"_step":26,"train/global_step":810,"_wandb":{"runtime":1732},"train/learning_rate":5.8546571136131e-07,"train/loss":0.02,"_runtime":1690.8384671,"train/epoch":0.41453428863868985}