{"total_flos":0,"train/global_step":760,"train/epoch":0.3889457523029683,"train_steps_per_second":0.476,"_step":25,"train_runtime":1594.9832,"train_samples_per_second":243.965,"train_loss":0.26900792780675387,"_timestamp":1.734348293136318e+09,"train/learning_rate":1.3157894736842104e-08,"_runtime":1594.296242641,"train/grad_norm":0.7347202301025391,"_wandb":{"runtime":1603},"train/loss":0.0952}